ph_data,p_cor,g_cor
Hyper_BLUE_398nm::0110,0.00590709287938852,0.03977267390470718
Hyper_BLUE_405nm::0110,-0.05223756575767478,-0.04291370339609079
Hyper_BLUE_412nm::0110,-0.034176337608273565,0.013489293269854465
Hyper_BLUE_420nm::0110,-0.03353954514642271,-0.04871069985144976
Hyper_BLUE_427nm::0110,-0.004343644146552227,-0.004158478254144323
Hyper_BLUE_434nm::0110,-0.061505134679169716,-0.08189451956264755
Hyper_BLUE_442nm::0110,-0.07302945765328285,-0.07759855301367725
Hyper_BLUE_449nm::0110,-0.07402736145985338,-0.07728019329173147
Hyper_BLUE_457nm::0110,-0.07975351822129544,-0.08989093635139866
Hyper_BLUE_464nm::0110,-0.06789086942128172,-0.08125754331115063
Hyper_BLUE_471nm::0110,-0.0988770484799733,-0.12185462426862943
Hyper_BLUE_479nm::0110,-0.10848489613427222,-0.12030708949731797
Hyper_BLUE_486nm::0110,-0.09809904038324493,-0.10993993322585831
Hyper_BLUE_493nm::0110,-0.10807868301825596,-0.11546579437603986
Hyper_BLUE_501nm::0110,-0.094044821332772,-0.10833112522850936
Hyper_BLUE_508nm::0110,-0.09691624894818407,-0.11123860592574852
Hyper_BLUE_515nm::0110,-0.1115374216848628,-0.1253600234159712
Hyper_BLUE_523nm::0110,-0.049969907245910675,-0.06310259776615995
Hyper_BLUE_530nm::0110,-0.009302110811359829,-0.029765442329606748
Hyper_BLUE_538nm::0110,-0.013091484234196121,-0.029378042754636062
Hyper_BLUE_545nm::0110,0.011772996735013606,-0.009021888117743179
Hyper_BLUE_552nm::0110,0.017989842611217267,0.0018542524244898263
Hyper_BLUE_560nm::0110,-0.005988412398036529,-0.026198799870349707
Hyper_BLUE_567nm::0110,-0.06598882040307759,-0.07587102852051086
Hyper_BLUE_574nm::0110,-0.08297054161803635,-0.09607234399393755
Hyper_BLUE_582nm::0110,-0.11097737928701425,-0.12245775348632433
Hyper_BLUE_589nm::0110,-0.11452020606188354,-0.12390235072798204
Hyper_BLUE_596nm::0110,-0.12154734904512333,-0.1320913770994664
Hyper_BLUE_604nm::0110,-0.11501069158137786,-0.12382917246860989
Hyper_BLUE_611nm::0110,-0.10900227832497415,-0.11907634242461564
Hyper_BLUE_619nm::0110,-0.11751941748316183,-0.13016387229290877
Hyper_BLUE_626nm::0110,-0.12478806359153503,-0.1342617299039851
Hyper_BLUE_633nm::0110,-0.12912609916768894,-0.1386165572287679
Hyper_BLUE_641nm::0110,-0.12328070211913247,-0.13468206154375378
Hyper_BLUE_648nm::0110,-0.12775757781241143,-0.13869570845739643
Hyper_BLUE_655nm::0110,-0.12881053111064464,-0.1387519451261389
Hyper_BLUE_663nm::0110,-0.14165468717177715,-0.15009363346193078
Hyper_BLUE_670nm::0110,-0.13927066926054674,-0.1492079363358645
Hyper_BLUE_678nm::0110,-0.1328088332533982,-0.14302925607735456
Hyper_BLUE_685nm::0110,-0.13264516015551578,-0.1417639207605923
Hyper_BLUE_692nm::0110,-0.12112464307323942,-0.12883703475781869
Hyper_BLUE_700nm::0110,-0.08868108957058125,-0.09033143496637995
Hyper_BLUE_707nm::0110,-0.0142637372425466,-0.021307161303620946
Hyper_BLUE_714nm::0110,0.03901127516740796,0.011332946188067707
Hyper_BLUE_722nm::0110,0.03819159443731442,0.020938420433896293
Hyper_BLUE_729nm::0110,0.06180888500396742,0.06009094732289963
Hyper_BLUE_736nm::0110,0.08400040154780579,0.0885912201881294
Hyper_BLUE_744nm::0110,0.07688844499874996,0.08860810225654525
Hyper_BLUE_751nm::0110,0.0687966368031749,0.0857570132198925
Hyper_BLUE_759nm::0110,0.07511955443517356,0.09110596891019826
Hyper_BLUE_766nm::0110,0.051709113997154055,0.0659138924565361
Hyper_BLUE_773nm::0110,0.06026571789300122,0.07937308162907328
Hyper_BLUE_781nm::0110,0.06902708529401888,0.08826295731251989
Hyper_BLUE_788nm::0110,0.06083111582853171,0.08174627210791485
Hyper_BLUE_795nm::0110,0.05906351438318744,0.07745300988356806
Hyper_BLUE_803nm::0110,0.05365876418909075,0.07186335824141425
Hyper_BLUE_810nm::0110,0.05025756122362497,0.07268964050427468
Hyper_BLUE_818nm::0110,0.05878007238592795,0.08113874619106046
Hyper_BLUE_825nm::0110,0.05086984845074365,0.07751941035422946
Hyper_BLUE_832nm::0110,0.0495184236321579,0.07086229901695934
Hyper_BLUE_840nm::0110,0.057287989758654394,0.07768611530858559
Hyper_BLUE_847nm::0110,0.052822317754146045,0.07848055830415732
Hyper_BLUE_398nm::0117,0.00590709287938852,0.03977267390470718
Hyper_BLUE_405nm::0117,-0.05223756575767478,-0.04291370339609079
Hyper_BLUE_412nm::0117,-0.034176337608273565,0.013489293269854465
Hyper_BLUE_420nm::0117,-0.03353954514642271,-0.04871069985144976
Hyper_BLUE_427nm::0117,-0.004343644146552227,-0.004158478254144323
Hyper_BLUE_434nm::0117,-0.061505134679169716,-0.08189451956264755
Hyper_BLUE_442nm::0117,-0.07302945765328285,-0.07759855301367725
Hyper_BLUE_449nm::0117,-0.07402736145985338,-0.07728019329173147
Hyper_BLUE_457nm::0117,-0.07975351822129544,-0.08989093635139866
Hyper_BLUE_464nm::0117,-0.06789086942128172,-0.08125754331115063
Hyper_BLUE_471nm::0117,-0.0988770484799733,-0.12185462426862943
Hyper_BLUE_479nm::0117,-0.10848489613427222,-0.12030708949731797
Hyper_BLUE_486nm::0117,-0.09809904038324493,-0.10993993322585831
Hyper_BLUE_493nm::0117,-0.10807868301825596,-0.11546579437603986
Hyper_BLUE_501nm::0117,-0.094044821332772,-0.10833112522850936
Hyper_BLUE_508nm::0117,-0.09691624894818407,-0.11123860592574852
Hyper_BLUE_515nm::0117,-0.1115374216848628,-0.1253600234159712
Hyper_BLUE_523nm::0117,-0.049969907245910675,-0.06310259776615995
Hyper_BLUE_530nm::0117,-0.009302110811359829,-0.029765442329606748
Hyper_BLUE_538nm::0117,-0.013091484234196121,-0.029378042754636062
Hyper_BLUE_545nm::0117,0.011772996735013606,-0.009021888117743179
Hyper_BLUE_552nm::0117,0.017989842611217267,0.0018542524244898263
Hyper_BLUE_560nm::0117,-0.005988412398036529,-0.026198799870349707
Hyper_BLUE_567nm::0117,-0.06598882040307759,-0.07587102852051086
Hyper_BLUE_574nm::0117,-0.08297054161803635,-0.09607234399393755
Hyper_BLUE_582nm::0117,-0.11097737928701425,-0.12245775348632433
Hyper_BLUE_589nm::0117,-0.11452020606188354,-0.12390235072798204
Hyper_BLUE_596nm::0117,-0.12154734904512333,-0.1320913770994664
Hyper_BLUE_604nm::0117,-0.11501069158137786,-0.12382917246860989
Hyper_BLUE_611nm::0117,-0.10900227832497415,-0.11907634242461564
Hyper_BLUE_619nm::0117,-0.11751941748316183,-0.13016387229290877
Hyper_BLUE_626nm::0117,-0.12478806359153503,-0.1342617299039851
Hyper_BLUE_633nm::0117,-0.12912609916768894,-0.1386165572287679
Hyper_BLUE_641nm::0117,-0.12328070211913247,-0.13468206154375378
Hyper_BLUE_648nm::0117,-0.12775757781241143,-0.13869570845739643
Hyper_BLUE_655nm::0117,-0.12881053111064464,-0.1387519451261389
Hyper_BLUE_663nm::0117,-0.14165468717177715,-0.15009363346193078
Hyper_BLUE_670nm::0117,-0.13927066926054674,-0.1492079363358645
Hyper_BLUE_678nm::0117,-0.1328088332533982,-0.14302925607735456
Hyper_BLUE_685nm::0117,-0.13264516015551578,-0.1417639207605923
Hyper_BLUE_692nm::0117,-0.12112464307323942,-0.12883703475781869
Hyper_BLUE_700nm::0117,-0.08868108957058125,-0.09033143496637995
Hyper_BLUE_707nm::0117,-0.0142637372425466,-0.021307161303620946
Hyper_BLUE_714nm::0117,0.03901127516740796,0.011332946188067707
Hyper_BLUE_722nm::0117,0.03819159443731442,0.020938420433896293
Hyper_BLUE_729nm::0117,0.06180888500396742,0.06009094732289963
Hyper_BLUE_736nm::0117,0.08400040154780579,0.0885912201881294
Hyper_BLUE_744nm::0117,0.07688844499874996,0.08860810225654525
Hyper_BLUE_751nm::0117,0.0687966368031749,0.0857570132198925
Hyper_BLUE_759nm::0117,0.07511955443517356,0.09110596891019826
Hyper_BLUE_766nm::0117,0.051709113997154055,0.0659138924565361
Hyper_BLUE_773nm::0117,0.06026571789300122,0.07937308162907328
Hyper_BLUE_781nm::0117,0.06902708529401888,0.08826295731251989
Hyper_BLUE_788nm::0117,0.06083111582853171,0.08174627210791485
Hyper_BLUE_795nm::0117,0.05906351438318744,0.07745300988356806
Hyper_BLUE_803nm::0117,0.05365876418909075,0.07186335824141425
Hyper_BLUE_810nm::0117,0.05025756122362497,0.07268964050427468
Hyper_BLUE_818nm::0117,0.05878007238592795,0.08113874619106046
Hyper_BLUE_825nm::0117,0.05086984845074365,0.07751941035422946
Hyper_BLUE_832nm::0117,0.0495184236321579,0.07086229901695934
Hyper_BLUE_840nm::0117,0.057287989758654394,0.07768611530858559
Hyper_BLUE_847nm::0117,0.052822317754146045,0.07848055830415732
Hyper_BLUE_398nm::0130,0.08221581979165313,0.05222170212725352
Hyper_BLUE_405nm::0130,0.061127282511137845,0.02502377146894159
Hyper_BLUE_412nm::0130,0.025063403282835687,0.026537544380348534
Hyper_BLUE_420nm::0130,0.022471402245116835,0.012327854220809868
Hyper_BLUE_427nm::0130,-0.027749575694053053,-0.0465392758862682
Hyper_BLUE_434nm::0130,0.030347244386589894,0.019384518914498102
Hyper_BLUE_442nm::0130,0.04458313111460842,0.04795598475042839
Hyper_BLUE_449nm::0130,0.03203240050479745,0.02625371539696293
Hyper_BLUE_457nm::0130,0.030790142945185797,0.03267907187373277
Hyper_BLUE_464nm::0130,0.023357447910146774,0.027874400205329077
Hyper_BLUE_471nm::0130,0.06263694946761483,0.03994997473284492
Hyper_BLUE_479nm::0130,0.03076770974510786,0.04219902266326061
Hyper_BLUE_486nm::0130,0.016745648567329678,0.02551856741745529
Hyper_BLUE_493nm::0130,0.045131124456876386,0.04343726745939521
Hyper_BLUE_501nm::0130,0.03551625437516552,0.03207480608410305
Hyper_BLUE_508nm::0130,0.05522390294504194,0.045783550938601175
Hyper_BLUE_515nm::0130,0.11279219389366023,0.09538928361272615
Hyper_BLUE_523nm::0130,0.1183386080172552,0.08883080779875292
Hyper_BLUE_530nm::0130,0.10415088654676286,0.07565405553060316
Hyper_BLUE_538nm::0130,0.0841212623268074,0.05190495131799203
Hyper_BLUE_545nm::0130,0.06855769384214874,0.038673464022991544
Hyper_BLUE_552nm::0130,0.05638005522804315,0.02444596882710004
Hyper_BLUE_560nm::0130,0.05433374673546818,0.02108390041699425
Hyper_BLUE_567nm::0130,0.05326124309769319,0.02935526201969763
Hyper_BLUE_574nm::0130,0.05115187624686505,0.02331086691780582
Hyper_BLUE_582nm::0130,0.014111027120661097,0.0016712456846982805
Hyper_BLUE_589nm::0130,-0.010400131207190464,-0.0121609127639354
Hyper_BLUE_596nm::0130,-0.025882843725263567,-0.026630134981928708
Hyper_BLUE_604nm::0130,-0.03216839851834247,-0.041211999368671384
Hyper_BLUE_611nm::0130,-0.05375611474650848,-0.058464261120686846
Hyper_BLUE_619nm::0130,-0.09201922112866674,-0.09557795633847534
Hyper_BLUE_626nm::0130,-0.08270435478364095,-0.08284800446487818
Hyper_BLUE_633nm::0130,-0.07050443593418877,-0.073417728676695
Hyper_BLUE_641nm::0130,-0.0872067206175834,-0.08942514696865288
Hyper_BLUE_648nm::0130,-0.11756088168519774,-0.12035407741765959
Hyper_BLUE_655nm::0130,-0.11792390814564291,-0.11976484621640023
Hyper_BLUE_663nm::0130,-0.12123208404683948,-0.12176887749838053
Hyper_BLUE_670nm::0130,-0.13985854627964256,-0.13902963520203893
Hyper_BLUE_678nm::0130,-0.13359145271000564,-0.13358538745229387
Hyper_BLUE_685nm::0130,-0.11254044490644789,-0.11530736811082182
Hyper_BLUE_692nm::0130,-0.10616643925395576,-0.10868409215961351
Hyper_BLUE_700nm::0130,5.233895839501844e-4,-0.01035774854763485
Hyper_BLUE_707nm::0130,0.027018335324563054,0.011439406483123138
Hyper_BLUE_714nm::0130,0.02412592103818973,-6.386081191085973e-4
Hyper_BLUE_722nm::0130,0.018515390068723332,0.012196388647832429
Hyper_BLUE_729nm::0130,0.04337438406164401,0.045807534405833655
Hyper_BLUE_736nm::0130,0.0654684268299697,0.0734220083009162
Hyper_BLUE_744nm::0130,0.07431550931610173,0.08744498553797808
Hyper_BLUE_751nm::0130,0.07692665626473298,0.09301809142201614
Hyper_BLUE_759nm::0130,0.11878119534236585,0.1275601228402816
Hyper_BLUE_766nm::0130,0.05850906700038806,0.08395458015741815
Hyper_BLUE_773nm::0130,0.07271884511463295,0.09600473837289675
Hyper_BLUE_781nm::0130,0.07604481106294293,0.0942443458453979
Hyper_BLUE_788nm::0130,0.07770787615850344,0.0976862536895175
Hyper_BLUE_795nm::0130,0.07620640654038886,0.09662468672115404
Hyper_BLUE_803nm::0130,0.07163529450733151,0.09343069350664256
Hyper_BLUE_810nm::0130,0.06863437930173243,0.08723523107759425
Hyper_BLUE_818nm::0130,0.06755691757038755,0.09106330058606273
Hyper_BLUE_825nm::0130,0.08582457329769393,0.10556804965182079
Hyper_BLUE_832nm::0130,0.07941353054663178,0.10261263559217526
Hyper_BLUE_840nm::0130,0.0879883134971342,0.10901351478993206
Hyper_BLUE_847nm::0130,0.0912497528759708,0.11150419474741825
Hyper_BLUE_398nm::0207,-0.03195958436147789,-0.051520772292791506
Hyper_BLUE_405nm::0207,-0.008767519605189181,0.022197164090226432
Hyper_BLUE_412nm::0207,0.01808058437128888,0.055841235824224046
Hyper_BLUE_420nm::0207,-0.09425622085259136,-0.06804959351667957
Hyper_BLUE_427nm::0207,-0.11008745585987426,-0.08703605250255209
Hyper_BLUE_434nm::0207,-0.012733621445828586,-0.014144035254650352
Hyper_BLUE_442nm::0207,-0.057760348151912555,-0.02303585479022271
Hyper_BLUE_449nm::0207,-0.06970262987306132,-0.05524964030957705
Hyper_BLUE_457nm::0207,-0.08538290900623342,-0.06954646604146411
Hyper_BLUE_464nm::0207,-0.0714172080748513,-0.06859940780996679
Hyper_BLUE_471nm::0207,-0.09869900019928783,-0.08297719104531041
Hyper_BLUE_479nm::0207,-0.08615163415215227,-0.06799252026185283
Hyper_BLUE_486nm::0207,-0.0744455698847685,-0.06809998369687828
Hyper_BLUE_493nm::0207,-0.09598331498049105,-0.0838669202232326
Hyper_BLUE_501nm::0207,-0.10547676731920676,-0.09205268604206936
Hyper_BLUE_508nm::0207,-0.10005044342084253,-0.08284301359706686
Hyper_BLUE_515nm::0207,-0.13519532676123394,-0.10413374908760191
Hyper_BLUE_523nm::0207,-0.13647654568794285,-0.10832594963562524
Hyper_BLUE_530nm::0207,-0.13180044971791646,-0.10665069395591185
Hyper_BLUE_538nm::0207,-0.11800875369380169,-0.09094428827868473
Hyper_BLUE_545nm::0207,-0.11856999317361357,-0.09950941207873014
Hyper_BLUE_552nm::0207,-0.11014999063171571,-0.09286161841396705
Hyper_BLUE_560nm::0207,-0.11565687572946323,-0.09373636193206396
Hyper_BLUE_567nm::0207,-0.1360924477139528,-0.11477512016775428
Hyper_BLUE_574nm::0207,-0.14724354468431688,-0.1174900543280949
Hyper_BLUE_582nm::0207,-0.13725696619389827,-0.1098357129321052
Hyper_BLUE_589nm::0207,-0.16131758515192265,-0.1310155276014849
Hyper_BLUE_596nm::0207,-0.1557197271986684,-0.12468226818115083
Hyper_BLUE_604nm::0207,-0.13055053026114805,-0.10615654785889479
Hyper_BLUE_611nm::0207,-0.11762084053775218,-0.08773307741178438
Hyper_BLUE_619nm::0207,-0.12877024466622955,-0.11122912647396478
Hyper_BLUE_626nm::0207,-0.12256093583557744,-0.09724847530658069
Hyper_BLUE_633nm::0207,-0.12319534643859277,-0.09361877130049949
Hyper_BLUE_641nm::0207,-0.10420975552919769,-0.08381220262353696
Hyper_BLUE_648nm::0207,-0.09579327629757632,-0.08737832180867837
Hyper_BLUE_655nm::0207,-0.09475672129046235,-0.08362848762225952
Hyper_BLUE_663nm::0207,-0.09961804352711563,-0.09063007378671319
Hyper_BLUE_670nm::0207,-0.1270801756178052,-0.11555603079240374
Hyper_BLUE_678nm::0207,-0.1131754999156205,-0.10222831514798125
Hyper_BLUE_685nm::0207,-0.1308702675829766,-0.12960730865472117
Hyper_BLUE_692nm::0207,-0.14378589417692395,-0.12338995642274775
Hyper_BLUE_700nm::0207,-0.1331560777474097,-0.1126983304780136
Hyper_BLUE_707nm::0207,-0.11017325325936304,-0.09534866366981026
Hyper_BLUE_714nm::0207,-0.08301730572350301,-0.07156108559513637
Hyper_BLUE_722nm::0207,-0.0777536005933573,-0.06789662874739638
Hyper_BLUE_729nm::0207,-0.04138949353623515,-0.03903409393326387
Hyper_BLUE_736nm::0207,-0.025469603770900295,-0.021907307002115888
Hyper_BLUE_744nm::0207,-0.0074479093233975275,9.244246404329181e-5
Hyper_BLUE_751nm::0207,-0.0015515901219122269,0.010904645582571476
Hyper_BLUE_759nm::0207,0.01866494459859954,0.03395386604405162
Hyper_BLUE_766nm::0207,0.003370190542478851,0.02079380811099283
Hyper_BLUE_773nm::0207,0.00950138627998638,0.027159217668166806
Hyper_BLUE_781nm::0207,-0.00868503305919905,0.006994769690425557
Hyper_BLUE_788nm::0207,-0.0011909030316668487,0.015408037503633884
Hyper_BLUE_795nm::0207,9.435438007890522e-4,0.011623931410370844
Hyper_BLUE_803nm::0207,-0.0021459488899171616,0.016823451747755493
Hyper_BLUE_810nm::0207,-0.012472734045360322,0.0012767765259971155
Hyper_BLUE_818nm::0207,-0.01945780231301349,-0.0025073033886675563
Hyper_BLUE_825nm::0207,-0.016136913253856754,-8.311101177962986e-4
Hyper_BLUE_832nm::0207,-0.013826583261120174,0.0023262202578898604
Hyper_BLUE_840nm::0207,-0.025039596011973007,-0.004446976303894721
Hyper_BLUE_847nm::0207,-0.017861811394101472,0.0012784453401308963
Hyper_BLUE_398nm::0214,0.033519008214916615,0.039785482612866456
Hyper_BLUE_405nm::0214,0.07206461682425637,0.13133872062199634
Hyper_BLUE_412nm::0214,0.09012839458180273,0.08631395698729236
Hyper_BLUE_420nm::0214,0.010546537609560465,0.051613507465357235
Hyper_BLUE_427nm::0214,0.09830945289243648,0.12517339374910738
Hyper_BLUE_434nm::0214,0.13421139496531773,0.1389198625742067
Hyper_BLUE_442nm::0214,0.09737826124911315,0.09406483085844448
Hyper_BLUE_449nm::0214,0.09939529481636071,0.09537256162580307
Hyper_BLUE_457nm::0214,0.07493324812939074,0.06505472685085781
Hyper_BLUE_464nm::0214,0.05713666352764699,0.046674380773646086
Hyper_BLUE_471nm::0214,0.030486297325034502,0.02348089112110329
Hyper_BLUE_479nm::0214,0.05184913497730891,0.04510597636377422
Hyper_BLUE_486nm::0214,0.03992746356810452,0.040125656920630075
Hyper_BLUE_493nm::0214,0.0670494615838551,0.06210864152860035
Hyper_BLUE_501nm::0214,0.05570272547401539,0.059294751154160406
Hyper_BLUE_508nm::0214,0.062446546025350436,0.06781697046769807
Hyper_BLUE_515nm::0214,-6.624350687913842e-4,0.012884224057740166
Hyper_BLUE_523nm::0214,0.02138603131673019,0.028668640996265836
Hyper_BLUE_530nm::0214,0.01687524520891609,0.018751978232240157
Hyper_BLUE_538nm::0214,0.04067482667949562,0.04191248558587666
Hyper_BLUE_545nm::0214,0.03659488237176397,0.039752312425920165
Hyper_BLUE_552nm::0214,0.04174665952737085,0.03925374326412834
Hyper_BLUE_560nm::0214,0.04387387707378846,0.04642230050035737
Hyper_BLUE_567nm::0214,0.061797561129506254,0.06736694737667451
Hyper_BLUE_574nm::0214,0.024098511847282993,0.032787743577054
Hyper_BLUE_582nm::0214,0.053079490641675525,0.05728572624997552
Hyper_BLUE_589nm::0214,0.03470273814947393,0.04888081834364736
Hyper_BLUE_596nm::0214,0.049003426967802105,0.05113361405386331
Hyper_BLUE_604nm::0214,0.04241185745171228,0.0512161479885846
Hyper_BLUE_611nm::0214,0.057159354852836707,0.07148733802251189
Hyper_BLUE_619nm::0214,0.07742013358263439,0.08950774490508383
Hyper_BLUE_626nm::0214,0.045724442583493535,0.05517212940202874
Hyper_BLUE_633nm::0214,0.052572400219992606,0.06405150620584316
Hyper_BLUE_641nm::0214,0.09444297285764679,0.1096998930921047
Hyper_BLUE_648nm::0214,0.09416253196955009,0.10911618591349648
Hyper_BLUE_655nm::0214,0.1335226526055509,0.14039609161784078
Hyper_BLUE_663nm::0214,0.13481568932439192,0.14767417451835127
Hyper_BLUE_670nm::0214,0.1337000046827533,0.1253034626803143
Hyper_BLUE_678nm::0214,0.11991899097538566,0.1314869374555046
Hyper_BLUE_685nm::0214,0.11043952949767316,0.12301956272669008
Hyper_BLUE_692nm::0214,0.09826782521321945,0.10710948114913255
Hyper_BLUE_700nm::0214,0.032463541544269864,0.0461617607191244
Hyper_BLUE_707nm::0214,0.015771014216618248,0.022867588853350187
Hyper_BLUE_714nm::0214,0.020917209218747738,0.026628828796769494
Hyper_BLUE_722nm::0214,0.0016416454487527114,0.002669998501555902
Hyper_BLUE_729nm::0214,0.0034291187469632964,-0.002225241016531753
Hyper_BLUE_736nm::0214,0.011271320230007544,0.011657070292537638
Hyper_BLUE_744nm::0214,0.031214516170388344,0.030787298247004737
Hyper_BLUE_751nm::0214,0.034697863449534586,0.03696587693035071
Hyper_BLUE_759nm::0214,0.07626452409113707,0.09335480828958115
Hyper_BLUE_766nm::0214,0.011452898527553483,0.010451350695007145
Hyper_BLUE_773nm::0214,0.03759378205532438,0.04499065949933511
Hyper_BLUE_781nm::0214,0.03614446193420057,0.046248013863208946
Hyper_BLUE_788nm::0214,0.03599646511046251,0.04522436548058016
Hyper_BLUE_795nm::0214,0.04360339992898951,0.04983117130341257
Hyper_BLUE_803nm::0214,0.022212377206462006,0.032732797659396656
Hyper_BLUE_810nm::0214,0.045109242895427865,0.05714332806406614
Hyper_BLUE_818nm::0214,0.032011349583455424,0.043454731910934456
Hyper_BLUE_825nm::0214,0.03620615831424641,0.04388059460078955
Hyper_BLUE_832nm::0214,0.03365439267107374,0.04258269721917244
Hyper_BLUE_840nm::0214,0.016494433864359184,0.02864182292329716
Hyper_BLUE_847nm::0214,0.012935732249807687,0.033978153288656956
Hyper_BLUE_398nm::0219,-0.2032079346041797,-0.16816390781518645
Hyper_BLUE_405nm::0219,-0.07883438158583912,-0.0397185767597058
Hyper_BLUE_412nm::0219,-0.06627347630020279,-0.02303585029282372
Hyper_BLUE_420nm::0219,-0.08042948694197521,-0.07296742062017862
Hyper_BLUE_427nm::0219,-0.13813742633437573,-0.11711477601714201
Hyper_BLUE_434nm::0219,-0.11703036301186692,-0.10321301948307349
Hyper_BLUE_442nm::0219,-0.058076921859421614,0.002548404174031075
Hyper_BLUE_449nm::0219,-0.05338905927068954,-0.012703061613909352
Hyper_BLUE_457nm::0219,-0.0259690139827255,0.01707823543700926
Hyper_BLUE_464nm::0219,-0.0568924373271562,-0.024905327303854648
Hyper_BLUE_471nm::0219,-0.0667472923973758,-0.004381751541901074
Hyper_BLUE_479nm::0219,-0.0528573938390461,0.021654766061198216
Hyper_BLUE_486nm::0219,-0.05675757779179282,0.014156660104013934
Hyper_BLUE_493nm::0219,-0.05054562394384137,0.020146704379558636
Hyper_BLUE_501nm::0219,-0.0664909274676635,-0.014362865361877206
Hyper_BLUE_508nm::0219,-0.08967320198330798,-0.0306031400470499
Hyper_BLUE_515nm::0219,-0.09544111008463729,-0.039054779577674247
Hyper_BLUE_523nm::0219,-0.09922841114279671,-0.04291346573986438
Hyper_BLUE_530nm::0219,-0.12347011908451713,-0.08123162101465692
Hyper_BLUE_538nm::0219,-0.1389759892716202,-0.09389097678411006
Hyper_BLUE_545nm::0219,-0.13477386883937267,-0.0834508438002776
Hyper_BLUE_552nm::0219,-0.14143242726971203,-0.09713557047827745
Hyper_BLUE_560nm::0219,-0.12937206383399583,-0.08712667692655984
Hyper_BLUE_567nm::0219,-0.13868513846698474,-0.081270651356647
Hyper_BLUE_574nm::0219,-0.12596919778193885,-0.06751406793472826
Hyper_BLUE_582nm::0219,-0.13036722989884308,-0.07346858326907593
Hyper_BLUE_589nm::0219,-0.12602396406280258,-0.07811698180631824
Hyper_BLUE_596nm::0219,-0.12778257186497552,-0.06893570573540049
Hyper_BLUE_604nm::0219,-0.10433263944828004,-0.051657554240771654
Hyper_BLUE_611nm::0219,-0.1308285792158,-0.08317959105146834
Hyper_BLUE_619nm::0219,-0.1305520291766242,-0.08505262066029735
Hyper_BLUE_626nm::0219,-0.12942938307309282,-0.08266761050904624
Hyper_BLUE_633nm::0219,-0.12539028652564468,-0.08342719687870166
Hyper_BLUE_641nm::0219,-0.14261993879291468,-0.10057562183750762
Hyper_BLUE_648nm::0219,-0.14008811475877345,-0.09598861036268143
Hyper_BLUE_655nm::0219,-0.14202719912002776,-0.10115401626809854
Hyper_BLUE_663nm::0219,-0.13100561838422195,-0.09281559734317399
Hyper_BLUE_670nm::0219,-0.11517922680911648,-0.07385947853499708
Hyper_BLUE_678nm::0219,-0.12274994086285361,-0.0849815113745139
Hyper_BLUE_685nm::0219,-0.13659976999538734,-0.09889680632833207
Hyper_BLUE_692nm::0219,-0.1257612608126974,-0.09139507563957566
Hyper_BLUE_700nm::0219,-0.13439329639787306,-0.09091436300688274
Hyper_BLUE_707nm::0219,-0.1289463440619011,-0.08444520161829502
Hyper_BLUE_714nm::0219,-0.15739816802852527,-0.12097893618973489
Hyper_BLUE_722nm::0219,-0.12629011127735582,-0.11154865199520184
Hyper_BLUE_729nm::0219,-0.07638092923655204,-0.07002743492626483
Hyper_BLUE_736nm::0219,-0.05392899384802838,-0.05864103850349091
Hyper_BLUE_744nm::0219,-0.03839590478796214,-0.04221265647204063
Hyper_BLUE_751nm::0219,-0.02241627830079291,-0.030675802338355825
Hyper_BLUE_759nm::0219,-0.0793334155466926,-0.06793003510404672
Hyper_BLUE_766nm::0219,0.04920538845283123,0.03730085717486342
Hyper_BLUE_773nm::0219,-0.019677254857090754,-0.021531783295366178
Hyper_BLUE_781nm::0219,-0.029730777020200563,-0.028138487061589126
Hyper_BLUE_788nm::0219,-0.028067661906466104,-0.027511461101775016
Hyper_BLUE_795nm::0219,-0.03558384551484232,-0.0341008213581584
Hyper_BLUE_803nm::0219,-0.037180634353861625,-0.04011231310831336
Hyper_BLUE_810nm::0219,-0.058735676636444814,-0.05010129697206651
Hyper_BLUE_818nm::0219,-0.039437108559935874,-0.03689097472768908
Hyper_BLUE_825nm::0219,-0.013015977781177551,-0.014085343294980075
Hyper_BLUE_832nm::0219,-0.016488043286186596,-0.01316273088747547
Hyper_BLUE_840nm::0219,-0.009996158852871799,-0.009034079034418479
Hyper_BLUE_847nm::0219,-0.024316890958431536,-0.020807035883253045
Hyper_BLUE_398nm::0227,0.2721073693479404,0.23752817268417442
Hyper_BLUE_405nm::0227,0.1185635660623287,0.10724325846435176
Hyper_BLUE_412nm::0227,0.2120922523583347,0.17590190201474462
Hyper_BLUE_420nm::0227,0.1487818376963767,0.11635702118013613
Hyper_BLUE_427nm::0227,0.188090627903775,0.14456326848147566
Hyper_BLUE_434nm::0227,0.17856560994350806,0.19942188777411024
Hyper_BLUE_442nm::0227,0.23264783278908596,0.25289261370822136
Hyper_BLUE_449nm::0227,0.15877174406788716,0.19242787366970407
Hyper_BLUE_457nm::0227,0.2155912313481028,0.26039806766291207
Hyper_BLUE_464nm::0227,0.17812336792722339,0.1965345868560462
Hyper_BLUE_471nm::0227,0.1499774169210683,0.17911143685085598
Hyper_BLUE_479nm::0227,0.19002659830541738,0.21437597377064121
Hyper_BLUE_486nm::0227,0.17822667897546185,0.1961157313103876
Hyper_BLUE_493nm::0227,0.1798730069034343,0.2146785450473249
Hyper_BLUE_501nm::0227,0.19127057022669514,0.20706306891783724
Hyper_BLUE_508nm::0227,0.16676534015700345,0.1835024473265788
Hyper_BLUE_515nm::0227,0.14882798151823207,0.15723272008851188
Hyper_BLUE_523nm::0227,0.1103969006671853,0.12202305512088307
Hyper_BLUE_530nm::0227,0.08099843357284363,0.07296184274042729
Hyper_BLUE_538nm::0227,0.057236266717042045,0.049257637653457725
Hyper_BLUE_545nm::0227,0.029214386029223795,0.015384026804758198
Hyper_BLUE_552nm::0227,0.03344173173132816,0.03370716057158134
Hyper_BLUE_560nm::0227,0.023734228339347133,0.031239820959672916
Hyper_BLUE_567nm::0227,0.046330785619921364,0.04965226624967097
Hyper_BLUE_574nm::0227,0.08586730338257413,0.09167754803118744
Hyper_BLUE_582nm::0227,0.08097940517376911,0.09405546673622354
Hyper_BLUE_589nm::0227,0.12103850414083119,0.12967679773111357
Hyper_BLUE_596nm::0227,0.09479198301018638,0.10646786949496859
Hyper_BLUE_604nm::0227,0.1148584597575806,0.13632920915984253
Hyper_BLUE_611nm::0227,0.1441216346390002,0.16031406663305872
Hyper_BLUE_619nm::0227,0.12259836447197472,0.1441732036479918
Hyper_BLUE_626nm::0227,0.15066245561680755,0.1674490205897865
Hyper_BLUE_633nm::0227,0.1746499908177236,0.1882341970414715
Hyper_BLUE_641nm::0227,0.19271175848372152,0.2161116149938236
Hyper_BLUE_648nm::0227,0.1784142792271369,0.19291301075630857
Hyper_BLUE_655nm::0227,0.21062221482878588,0.22115256325097218
Hyper_BLUE_663nm::0227,0.22889407551635849,0.24118566284935683
Hyper_BLUE_670nm::0227,0.2502757440380684,0.25534898649649596
Hyper_BLUE_678nm::0227,0.25444858186965663,0.2705989692944504
Hyper_BLUE_685nm::0227,0.25785638220051804,0.27105599644451617
Hyper_BLUE_692nm::0227,0.15820067132904897,0.17304354968832003
Hyper_BLUE_700nm::0227,0.05312324280290053,0.05204194514500119
Hyper_BLUE_707nm::0227,0.011846175920288063,0.008472323018987097
Hyper_BLUE_714nm::0227,-0.004080694518220666,-0.01045199018091747
Hyper_BLUE_722nm::0227,-0.012177609694121773,-0.018289421842900392
Hyper_BLUE_729nm::0227,-0.032734564698139124,-0.03664126884953918
Hyper_BLUE_736nm::0227,-0.035623327317923816,-0.034800035024332425
Hyper_BLUE_744nm::0227,-0.03237125098000835,-0.032464099644168055
Hyper_BLUE_751nm::0227,-0.022865706366469566,-0.02317184952866571
Hyper_BLUE_759nm::0227,0.02634163299268365,0.004374541811324415
Hyper_BLUE_766nm::0227,-0.01637293838606044,-0.014154485136216895
Hyper_BLUE_773nm::0227,-0.009188173838150135,-0.008988258629824752
Hyper_BLUE_781nm::0227,-0.0020201638565999548,-0.005820865556415221
Hyper_BLUE_788nm::0227,-2.295612195337954e-4,-0.0027930892649228006
Hyper_BLUE_795nm::0227,0.009624703445291339,0.007177509917024187
Hyper_BLUE_803nm::0227,0.0021818885314570974,0.0028082592428164133
Hyper_BLUE_810nm::0227,0.005616498446580284,0.0027013455162827674
Hyper_BLUE_818nm::0227,0.01578488920072789,0.016495765000516364
Hyper_BLUE_825nm::0227,0.015236741551069645,0.017835537596636707
Hyper_BLUE_832nm::0227,0.018618940016077775,0.020707182646682795
Hyper_BLUE_840nm::0227,0.02233236475252082,0.022567434964087023
Hyper_BLUE_847nm::0227,0.02807265048165572,0.028609019819185982
Hyper_BLUE_398nm::0311,-0.14223088765184885,-0.1599398456189949
Hyper_BLUE_405nm::0311,-0.24223448481776205,-0.18223466660572293
Hyper_BLUE_412nm::0311,-0.30105203843229544,-0.21651904761042376
Hyper_BLUE_420nm::0311,-0.3577583780740301,-0.3183916583709526
Hyper_BLUE_427nm::0311,-0.3578276237208146,-0.3090595913007368
Hyper_BLUE_434nm::0311,-0.36326281100636876,-0.2995394893841846
Hyper_BLUE_442nm::0311,-0.3597847559911004,-0.29730164149421406
Hyper_BLUE_449nm::0311,-0.3607442009462063,-0.30554575136537754
Hyper_BLUE_457nm::0311,-0.36599726347434597,-0.30299167717452835
Hyper_BLUE_464nm::0311,-0.36344806389318157,-0.3039595034663432
Hyper_BLUE_471nm::0311,-0.363914476939442,-0.30831963696982584
Hyper_BLUE_479nm::0311,-0.3690445613166486,-0.30821013577924505
Hyper_BLUE_486nm::0311,-0.3681870204473053,-0.3039297423411027
Hyper_BLUE_493nm::0311,-0.36619557513363205,-0.3043729962480991
Hyper_BLUE_501nm::0311,-0.3763631425017255,-0.3179032185535282
Hyper_BLUE_508nm::0311,-0.3874796789077287,-0.3273233422785847
Hyper_BLUE_515nm::0311,-0.3905216751002244,-0.3313874411278719
Hyper_BLUE_523nm::0311,-0.3993294059424568,-0.3384286073102637
Hyper_BLUE_530nm::0311,-0.40061577179265706,-0.33833880231985897
Hyper_BLUE_538nm::0311,-0.40450795051876065,-0.3398921861408362
Hyper_BLUE_545nm::0311,-0.40387820093580745,-0.3399773831139042
Hyper_BLUE_552nm::0311,-0.40451791365260564,-0.34103100368523875
Hyper_BLUE_560nm::0311,-0.40462594787376316,-0.3359142896117395
Hyper_BLUE_567nm::0311,-0.4006186045164068,-0.3358654869625124
Hyper_BLUE_574nm::0311,-0.39580594848097655,-0.33165518946677747
Hyper_BLUE_582nm::0311,-0.3908515437983565,-0.32535935762974694
Hyper_BLUE_589nm::0311,-0.38968438866822225,-0.3253607478245447
Hyper_BLUE_596nm::0311,-0.38766428850404006,-0.32292193005580505
Hyper_BLUE_604nm::0311,-0.3893480265146819,-0.32760863774742854
Hyper_BLUE_611nm::0311,-0.3848156156810779,-0.32143417244584294
Hyper_BLUE_619nm::0311,-0.37799551466293735,-0.31565490258444484
Hyper_BLUE_626nm::0311,-0.38587265497418166,-0.3207803597465746
Hyper_BLUE_633nm::0311,-0.3832969629049045,-0.3184313553098077
Hyper_BLUE_641nm::0311,-0.3737461881985505,-0.31216252290920055
Hyper_BLUE_648nm::0311,-0.36041497035420966,-0.3023394790728835
Hyper_BLUE_655nm::0311,-0.3613185426606979,-0.2994005859121177
Hyper_BLUE_663nm::0311,-0.35300120558235915,-0.2946615717707685
Hyper_BLUE_670nm::0311,-0.3461601420673701,-0.2859753091314668
Hyper_BLUE_678nm::0311,-0.35300988064586486,-0.29451882102094074
Hyper_BLUE_685nm::0311,-0.36134220783088195,-0.3021362775968809
Hyper_BLUE_692nm::0311,-0.38667844356404873,-0.3176267343997875
Hyper_BLUE_700nm::0311,-0.4099301255145956,-0.33512570729626723
Hyper_BLUE_707nm::0311,-0.42021328022278726,-0.34472706127953384
Hyper_BLUE_714nm::0311,-0.4225753068963681,-0.34764931799449345
Hyper_BLUE_722nm::0311,-0.41682700254944727,-0.3422550533453269
Hyper_BLUE_729nm::0311,-0.40259114321350953,-0.32627948490837894
Hyper_BLUE_736nm::0311,-0.39157003802108725,-0.32230251420695083
Hyper_BLUE_744nm::0311,-0.36895192556369527,-0.3020061022885909
Hyper_BLUE_751nm::0311,-0.34756944837378223,-0.2862761649079416
Hyper_BLUE_759nm::0311,-0.3285603583600901,-0.2817228456154303
Hyper_BLUE_766nm::0311,-0.316267940245194,-0.24839378037873897
Hyper_BLUE_773nm::0311,-0.31676896084728823,-0.25813996685344726
Hyper_BLUE_781nm::0311,-0.31502377096164763,-0.25720313954206736
Hyper_BLUE_788nm::0311,-0.3173658619326677,-0.2587361845531723
Hyper_BLUE_795nm::0311,-0.3119512087045855,-0.24897546031130696
Hyper_BLUE_803nm::0311,-0.3061695686768072,-0.25184930133969174
Hyper_BLUE_810nm::0311,-0.3136466825069159,-0.25776466822637
Hyper_BLUE_818nm::0311,-0.30850706338930056,-0.25302163349066825
Hyper_BLUE_825nm::0311,-0.31274923927929854,-0.25365036110901973
Hyper_BLUE_832nm::0311,-0.30997082847796004,-0.24901769714947933
Hyper_BLUE_840nm::0311,-0.31595079874962684,-0.25933850245991596
Hyper_BLUE_847nm::0311,-0.3122638229608615,-0.25874096699083593
Hyper_BLUE_398nm::0317,0.07129588191256356,0.04132741103386725
Hyper_BLUE_405nm::0317,-0.1047105767793584,-0.0244515909134742
Hyper_BLUE_412nm::0317,-0.22219068181148366,-0.15655534782981936
Hyper_BLUE_420nm::0317,-0.2415430706320689,-0.1959276146270004
Hyper_BLUE_427nm::0317,-0.29143854127824315,-0.23181092072229156
Hyper_BLUE_434nm::0317,-0.311319787243727,-0.2634459478564792
Hyper_BLUE_442nm::0317,-0.30065260317198483,-0.24894115893227967
Hyper_BLUE_449nm::0317,-0.29766932438182625,-0.2524525554986013
Hyper_BLUE_457nm::0317,-0.30459482975450236,-0.24340784410861546
Hyper_BLUE_464nm::0317,-0.30547356196900566,-0.246919708838139
Hyper_BLUE_471nm::0317,-0.2921764495489134,-0.23219578711389072
Hyper_BLUE_479nm::0317,-0.30199649744368695,-0.24647102775751487
Hyper_BLUE_486nm::0317,-0.2922357726312634,-0.24029900231235388
Hyper_BLUE_493nm::0317,-0.29556996168432587,-0.2408791195435193
Hyper_BLUE_501nm::0317,-0.2971046675445935,-0.241682304496643
Hyper_BLUE_508nm::0317,-0.28969626512540136,-0.23736766339758913
Hyper_BLUE_515nm::0317,-0.30857102926653573,-0.25000949046694376
Hyper_BLUE_523nm::0317,-0.32164529917690515,-0.26223649990453224
Hyper_BLUE_530nm::0317,-0.33038835674058226,-0.26934939696388754
Hyper_BLUE_538nm::0317,-0.33308611528784426,-0.2725346861940523
Hyper_BLUE_545nm::0317,-0.3334441711360142,-0.2718927973319909
Hyper_BLUE_552nm::0317,-0.33773437239994186,-0.27810627008570604
Hyper_BLUE_560nm::0317,-0.33762718660704183,-0.2766453455744654
Hyper_BLUE_567nm::0317,-0.32844320155213486,-0.2712567022803723
Hyper_BLUE_574nm::0317,-0.32106705858993867,-0.26056769332942054
Hyper_BLUE_582nm::0317,-0.31690608850811963,-0.259757676990881
Hyper_BLUE_589nm::0317,-0.30917684343124846,-0.2529962088390811
Hyper_BLUE_596nm::0317,-0.3049211763207268,-0.2472066442750527
Hyper_BLUE_604nm::0317,-0.29924439102349193,-0.24602697689038427
Hyper_BLUE_611nm::0317,-0.2942080927555157,-0.24165358133809178
Hyper_BLUE_619nm::0317,-0.28873596941018653,-0.23588200776465662
Hyper_BLUE_626nm::0317,-0.28616128453415146,-0.23398246193571817
Hyper_BLUE_633nm::0317,-0.2833901439258689,-0.23066076089247575
Hyper_BLUE_641nm::0317,-0.27319062365337393,-0.22123793560449787
Hyper_BLUE_648nm::0317,-0.259671558364769,-0.21119769539355782
Hyper_BLUE_655nm::0317,-0.25103118948464515,-0.2034790815761595
Hyper_BLUE_663nm::0317,-0.24143809675410183,-0.19735808786216544
Hyper_BLUE_670nm::0317,-0.23954787114843293,-0.19404864133063626
Hyper_BLUE_678nm::0317,-0.2303452714588799,-0.18740034702551692
Hyper_BLUE_685nm::0317,-0.24500945317083556,-0.19341931457739986
Hyper_BLUE_692nm::0317,-0.2761268382131419,-0.2218482575619985
Hyper_BLUE_700nm::0317,-0.3185802440299753,-0.25651868184103743
Hyper_BLUE_707nm::0317,-0.3459394230289782,-0.2792387323478877
Hyper_BLUE_714nm::0317,-0.35136825559203205,-0.28188764948597356
Hyper_BLUE_722nm::0317,-0.3561469154098043,-0.2859285436293231
Hyper_BLUE_729nm::0317,-0.35567386214423896,-0.29006772159636035
Hyper_BLUE_736nm::0317,-0.339263188901089,-0.2747396789222663
Hyper_BLUE_744nm::0317,-0.31539062651926836,-0.2580806893959021
Hyper_BLUE_751nm::0317,-0.29187718448870653,-0.23704022517362583
Hyper_BLUE_759nm::0317,-0.23631105305755185,-0.18723519850242765
Hyper_BLUE_766nm::0317,-0.2814015803851279,-0.23195721011134723
Hyper_BLUE_773nm::0317,-0.26145013221569785,-0.2189461176304204
Hyper_BLUE_781nm::0317,-0.25294964901764316,-0.20753268517592427
Hyper_BLUE_788nm::0317,-0.24695652241912958,-0.20271752048651018
Hyper_BLUE_795nm::0317,-0.2452586580067053,-0.2055518199631606
Hyper_BLUE_803nm::0317,-0.2473092300096435,-0.19985710099153683
Hyper_BLUE_810nm::0317,-0.23642493124294947,-0.19478631898267149
Hyper_BLUE_818nm::0317,-0.2427482138222288,-0.2017946655863056
Hyper_BLUE_825nm::0317,-0.23474713425475807,-0.19308327392553362
Hyper_BLUE_832nm::0317,-0.2364947950049342,-0.1949316029568163
Hyper_BLUE_840nm::0317,-0.22179300684988446,-0.17796888469116132
Hyper_BLUE_847nm::0317,-0.23087898563152934,-0.18996570631633214
